--
-- PostgreSQL database dump
--

\restrict Din7xlwo6XVUxVrqI1Oxz40o54E6PDczJW1zWpGh6T4oWEPMvhUQPc6JVlhalEY

-- Dumped from database version 16.11 (Ubuntu 16.11-0ubuntu0.24.04.1)
-- Dumped by pg_dump version 16.11 (Ubuntu 16.11-0ubuntu0.24.04.1)

SET statement_timeout = 0;
SET lock_timeout = 0;
SET idle_in_transaction_session_timeout = 0;
SET client_encoding = 'UTF8';
SET standard_conforming_strings = on;
SELECT pg_catalog.set_config('search_path', '', false);
SET check_function_bodies = false;
SET xmloption = content;
SET client_min_messages = warning;
SET row_security = off;

SET default_tablespace = '';

SET default_table_access_method = heap;

--
-- Name: auth_group; Type: TABLE; Schema: public; Owner: postgres
--

CREATE TABLE public.auth_group (
    id integer NOT NULL,
    name character varying(150) NOT NULL
);


ALTER TABLE public.auth_group OWNER TO postgres;

--
-- Name: auth_group_id_seq; Type: SEQUENCE; Schema: public; Owner: postgres
--

ALTER TABLE public.auth_group ALTER COLUMN id ADD GENERATED BY DEFAULT AS IDENTITY (
    SEQUENCE NAME public.auth_group_id_seq
    START WITH 1
    INCREMENT BY 1
    NO MINVALUE
    NO MAXVALUE
    CACHE 1
);


--
-- Name: auth_group_permissions; Type: TABLE; Schema: public; Owner: postgres
--

CREATE TABLE public.auth_group_permissions (
    id bigint NOT NULL,
    group_id integer NOT NULL,
    permission_id integer NOT NULL
);


ALTER TABLE public.auth_group_permissions OWNER TO postgres;

--
-- Name: auth_group_permissions_id_seq; Type: SEQUENCE; Schema: public; Owner: postgres
--

ALTER TABLE public.auth_group_permissions ALTER COLUMN id ADD GENERATED BY DEFAULT AS IDENTITY (
    SEQUENCE NAME public.auth_group_permissions_id_seq
    START WITH 1
    INCREMENT BY 1
    NO MINVALUE
    NO MAXVALUE
    CACHE 1
);


--
-- Name: auth_permission; Type: TABLE; Schema: public; Owner: postgres
--

CREATE TABLE public.auth_permission (
    id integer NOT NULL,
    name character varying(255) NOT NULL,
    content_type_id integer NOT NULL,
    codename character varying(100) NOT NULL
);


ALTER TABLE public.auth_permission OWNER TO postgres;

--
-- Name: auth_permission_id_seq; Type: SEQUENCE; Schema: public; Owner: postgres
--

ALTER TABLE public.auth_permission ALTER COLUMN id ADD GENERATED BY DEFAULT AS IDENTITY (
    SEQUENCE NAME public.auth_permission_id_seq
    START WITH 1
    INCREMENT BY 1
    NO MINVALUE
    NO MAXVALUE
    CACHE 1
);


--
-- Name: dictionary_items; Type: TABLE; Schema: public; Owner: postgres
--

CREATE TABLE public.dictionary_items (
    id bigint NOT NULL,
    value character varying(50) NOT NULL,
    label character varying(100) NOT NULL,
    sort_order integer NOT NULL,
    is_active boolean NOT NULL,
    extra_data jsonb,
    description character varying(255) NOT NULL,
    created_at timestamp with time zone NOT NULL,
    updated_at timestamp with time zone NOT NULL,
    dict_type_id bigint NOT NULL,
    template_file character varying(100)
);


ALTER TABLE public.dictionary_items OWNER TO postgres;

--
-- Name: dictionary_items_id_seq; Type: SEQUENCE; Schema: public; Owner: postgres
--

ALTER TABLE public.dictionary_items ALTER COLUMN id ADD GENERATED BY DEFAULT AS IDENTITY (
    SEQUENCE NAME public.dictionary_items_id_seq
    START WITH 1
    INCREMENT BY 1
    NO MINVALUE
    NO MAXVALUE
    CACHE 1
);


--
-- Name: dictionary_types; Type: TABLE; Schema: public; Owner: postgres
--

CREATE TABLE public.dictionary_types (
    id bigint NOT NULL,
    code character varying(50) NOT NULL,
    name character varying(100) NOT NULL,
    description text NOT NULL,
    is_system boolean NOT NULL,
    is_active boolean NOT NULL,
    created_at timestamp with time zone NOT NULL,
    updated_at timestamp with time zone NOT NULL
);


ALTER TABLE public.dictionary_types OWNER TO postgres;

--
-- Name: dictionary_types_id_seq; Type: SEQUENCE; Schema: public; Owner: postgres
--

ALTER TABLE public.dictionary_types ALTER COLUMN id ADD GENERATED BY DEFAULT AS IDENTITY (
    SEQUENCE NAME public.dictionary_types_id_seq
    START WITH 1
    INCREMENT BY 1
    NO MINVALUE
    NO MAXVALUE
    CACHE 1
);


--
-- Name: django_admin_log; Type: TABLE; Schema: public; Owner: postgres
--

CREATE TABLE public.django_admin_log (
    id integer NOT NULL,
    action_time timestamp with time zone NOT NULL,
    object_id text,
    object_repr character varying(200) NOT NULL,
    action_flag smallint NOT NULL,
    change_message text NOT NULL,
    content_type_id integer,
    user_id bigint NOT NULL,
    CONSTRAINT django_admin_log_action_flag_check CHECK ((action_flag >= 0))
);


ALTER TABLE public.django_admin_log OWNER TO postgres;

--
-- Name: django_admin_log_id_seq; Type: SEQUENCE; Schema: public; Owner: postgres
--

ALTER TABLE public.django_admin_log ALTER COLUMN id ADD GENERATED BY DEFAULT AS IDENTITY (
    SEQUENCE NAME public.django_admin_log_id_seq
    START WITH 1
    INCREMENT BY 1
    NO MINVALUE
    NO MAXVALUE
    CACHE 1
);


--
-- Name: django_content_type; Type: TABLE; Schema: public; Owner: postgres
--

CREATE TABLE public.django_content_type (
    id integer NOT NULL,
    app_label character varying(100) NOT NULL,
    model character varying(100) NOT NULL
);


ALTER TABLE public.django_content_type OWNER TO postgres;

--
-- Name: django_content_type_id_seq; Type: SEQUENCE; Schema: public; Owner: postgres
--

ALTER TABLE public.django_content_type ALTER COLUMN id ADD GENERATED BY DEFAULT AS IDENTITY (
    SEQUENCE NAME public.django_content_type_id_seq
    START WITH 1
    INCREMENT BY 1
    NO MINVALUE
    NO MAXVALUE
    CACHE 1
);


--
-- Name: django_migrations; Type: TABLE; Schema: public; Owner: postgres
--

CREATE TABLE public.django_migrations (
    id bigint NOT NULL,
    app character varying(255) NOT NULL,
    name character varying(255) NOT NULL,
    applied timestamp with time zone NOT NULL
);


ALTER TABLE public.django_migrations OWNER TO postgres;

--
-- Name: django_migrations_id_seq; Type: SEQUENCE; Schema: public; Owner: postgres
--

ALTER TABLE public.django_migrations ALTER COLUMN id ADD GENERATED BY DEFAULT AS IDENTITY (
    SEQUENCE NAME public.django_migrations_id_seq
    START WITH 1
    INCREMENT BY 1
    NO MINVALUE
    NO MAXVALUE
    CACHE 1
);


--
-- Name: django_session; Type: TABLE; Schema: public; Owner: postgres
--

CREATE TABLE public.django_session (
    session_key character varying(40) NOT NULL,
    session_data text NOT NULL,
    expire_date timestamp with time zone NOT NULL
);


ALTER TABLE public.django_session OWNER TO postgres;

--
-- Name: login_logs; Type: TABLE; Schema: public; Owner: postgres
--

CREATE TABLE public.login_logs (
    id bigint NOT NULL,
    login_time timestamp with time zone NOT NULL,
    ip_address inet NOT NULL,
    user_agent character varying(200) NOT NULL,
    login_status boolean NOT NULL,
    user_id bigint NOT NULL
);


ALTER TABLE public.login_logs OWNER TO postgres;

--
-- Name: login_logs_id_seq; Type: SEQUENCE; Schema: public; Owner: postgres
--

ALTER TABLE public.login_logs ALTER COLUMN id ADD GENERATED BY DEFAULT AS IDENTITY (
    SEQUENCE NAME public.login_logs_id_seq
    START WITH 1
    INCREMENT BY 1
    NO MINVALUE
    NO MAXVALUE
    CACHE 1
);


--
-- Name: notifications; Type: TABLE; Schema: public; Owner: postgres
--

CREATE TABLE public.notifications (
    id bigint NOT NULL,
    title character varying(200) NOT NULL,
    content text NOT NULL,
    notification_type character varying(20) NOT NULL,
    is_read boolean NOT NULL,
    read_at timestamp with time zone,
    created_at timestamp with time zone NOT NULL,
    recipient_id bigint NOT NULL,
    related_project_id bigint
);


ALTER TABLE public.notifications OWNER TO postgres;

--
-- Name: notifications_id_seq; Type: SEQUENCE; Schema: public; Owner: postgres
--

ALTER TABLE public.notifications ALTER COLUMN id ADD GENERATED BY DEFAULT AS IDENTITY (
    SEQUENCE NAME public.notifications_id_seq
    START WITH 1
    INCREMENT BY 1
    NO MINVALUE
    NO MAXVALUE
    CACHE 1
);


--
-- Name: project_achievements; Type: TABLE; Schema: public; Owner: postgres
--

CREATE TABLE public.project_achievements (
    id bigint NOT NULL,
    title character varying(200) NOT NULL,
    description text NOT NULL,
    authors character varying(200) NOT NULL,
    journal character varying(200) NOT NULL,
    publication_date date,
    doi character varying(100) NOT NULL,
    patent_no character varying(100) NOT NULL,
    patent_type character varying(50) NOT NULL,
    applicant character varying(200) NOT NULL,
    copyright_no character varying(100) NOT NULL,
    copyright_owner character varying(200) NOT NULL,
    competition_name character varying(200) NOT NULL,
    award_level character varying(50) NOT NULL,
    award_date date,
    attachment character varying(255),
    created_at timestamp with time zone NOT NULL,
    updated_at timestamp with time zone NOT NULL,
    achievement_type_id bigint NOT NULL,
    project_id bigint NOT NULL
);


ALTER TABLE public.project_achievements OWNER TO postgres;

--
-- Name: project_achievements_id_seq; Type: SEQUENCE; Schema: public; Owner: postgres
--

ALTER TABLE public.project_achievements ALTER COLUMN id ADD GENERATED BY DEFAULT AS IDENTITY (
    SEQUENCE NAME public.project_achievements_id_seq
    START WITH 1
    INCREMENT BY 1
    NO MINVALUE
    NO MAXVALUE
    CACHE 1
);


--
-- Name: project_advisors; Type: TABLE; Schema: public; Owner: postgres
--

CREATE TABLE public.project_advisors (
    id bigint NOT NULL,
    "order" integer NOT NULL,
    project_id bigint NOT NULL,
    user_id bigint NOT NULL
);


ALTER TABLE public.project_advisors OWNER TO postgres;

--
-- Name: project_advisors_id_seq; Type: SEQUENCE; Schema: public; Owner: postgres
--

ALTER TABLE public.project_advisors ALTER COLUMN id ADD GENERATED BY DEFAULT AS IDENTITY (
    SEQUENCE NAME public.project_advisors_id_seq
    START WITH 1
    INCREMENT BY 1
    NO MINVALUE
    NO MAXVALUE
    CACHE 1
);


--
-- Name: project_members; Type: TABLE; Schema: public; Owner: postgres
--

CREATE TABLE public.project_members (
    id bigint NOT NULL,
    role character varying(20) NOT NULL,
    join_date date NOT NULL,
    contribution text NOT NULL,
    project_id bigint NOT NULL,
    user_id bigint NOT NULL
);


ALTER TABLE public.project_members OWNER TO postgres;

--
-- Name: project_members_id_seq; Type: SEQUENCE; Schema: public; Owner: postgres
--

ALTER TABLE public.project_members ALTER COLUMN id ADD GENERATED BY DEFAULT AS IDENTITY (
    SEQUENCE NAME public.project_members_id_seq
    START WITH 1
    INCREMENT BY 1
    NO MINVALUE
    NO MAXVALUE
    CACHE 1
);


--
-- Name: project_progress; Type: TABLE; Schema: public; Owner: postgres
--

CREATE TABLE public.project_progress (
    id bigint NOT NULL,
    title character varying(200) NOT NULL,
    content text NOT NULL,
    attachment character varying(255),
    created_at timestamp with time zone NOT NULL,
    created_by_id bigint NOT NULL,
    project_id bigint NOT NULL
);


ALTER TABLE public.project_progress OWNER TO postgres;

--
-- Name: project_progress_id_seq; Type: SEQUENCE; Schema: public; Owner: postgres
--

ALTER TABLE public.project_progress ALTER COLUMN id ADD GENERATED BY DEFAULT AS IDENTITY (
    SEQUENCE NAME public.project_progress_id_seq
    START WITH 1
    INCREMENT BY 1
    NO MINVALUE
    NO MAXVALUE
    CACHE 1
);


--
-- Name: projects; Type: TABLE; Schema: public; Owner: postgres
--

CREATE TABLE public.projects (
    id bigint NOT NULL,
    project_no character varying(50) NOT NULL,
    title character varying(200) NOT NULL,
    description text NOT NULL,
    is_key_field boolean NOT NULL,
    self_funding numeric(10,2) NOT NULL,
    category_description text NOT NULL,
    start_date date,
    end_date date,
    budget numeric(10,2) NOT NULL,
    research_content text NOT NULL,
    research_plan text NOT NULL,
    expected_results text NOT NULL,
    innovation_points text NOT NULL,
    proposal_file character varying(255),
    attachment_file character varying(255),
    final_report character varying(255),
    achievement_file character varying(255),
    status character varying(30) NOT NULL,
    ranking integer,
    created_at timestamp with time zone NOT NULL,
    updated_at timestamp with time zone NOT NULL,
    submitted_at timestamp with time zone,
    closure_applied_at timestamp with time zone,
    category_id bigint,
    leader_id bigint NOT NULL,
    level_id bigint,
    source_id bigint,
    year integer NOT NULL,
    key_domain_code character varying(50) NOT NULL
);


ALTER TABLE public.projects OWNER TO postgres;

--
-- Name: projects_id_seq; Type: SEQUENCE; Schema: public; Owner: postgres
--

ALTER TABLE public.projects ALTER COLUMN id ADD GENERATED BY DEFAULT AS IDENTITY (
    SEQUENCE NAME public.projects_id_seq
    START WITH 1
    INCREMENT BY 1
    NO MINVALUE
    NO MAXVALUE
    CACHE 1
);


--
-- Name: reviews; Type: TABLE; Schema: public; Owner: postgres
--

CREATE TABLE public.reviews (
    id bigint NOT NULL,
    review_type character varying(20) NOT NULL,
    review_level character varying(20) NOT NULL,
    status character varying(20) NOT NULL,
    comments text NOT NULL,
    score integer,
    closure_rating character varying(20),
    created_at timestamp with time zone NOT NULL,
    reviewed_at timestamp with time zone,
    project_id bigint NOT NULL,
    reviewer_id bigint
);


ALTER TABLE public.reviews OWNER TO postgres;

--
-- Name: reviews_id_seq; Type: SEQUENCE; Schema: public; Owner: postgres
--

ALTER TABLE public.reviews ALTER COLUMN id ADD GENERATED BY DEFAULT AS IDENTITY (
    SEQUENCE NAME public.reviews_id_seq
    START WITH 1
    INCREMENT BY 1
    NO MINVALUE
    NO MAXVALUE
    CACHE 1
);


--
-- Name: users; Type: TABLE; Schema: public; Owner: postgres
--

CREATE TABLE public.users (
    id bigint NOT NULL,
    password character varying(128) NOT NULL,
    last_login timestamp with time zone,
    is_superuser boolean NOT NULL,
    username character varying(150) NOT NULL,
    first_name character varying(150) NOT NULL,
    last_name character varying(150) NOT NULL,
    is_staff boolean NOT NULL,
    date_joined timestamp with time zone NOT NULL,
    role character varying(20) NOT NULL,
    employee_id character varying(20) NOT NULL,
    real_name character varying(50) NOT NULL,
    phone character varying(11) NOT NULL,
    email character varying(254) NOT NULL,
    major character varying(100) NOT NULL,
    grade character varying(10) NOT NULL,
    class_name character varying(50) NOT NULL,
    college character varying(100) NOT NULL,
    department character varying(100) NOT NULL,
    avatar character varying(100),
    is_active boolean NOT NULL,
    created_at timestamp with time zone NOT NULL,
    updated_at timestamp with time zone NOT NULL,
    title character varying(50) NOT NULL
);


ALTER TABLE public.users OWNER TO postgres;

--
-- Name: users_groups; Type: TABLE; Schema: public; Owner: postgres
--

CREATE TABLE public.users_groups (
    id bigint NOT NULL,
    user_id bigint NOT NULL,
    group_id integer NOT NULL
);


ALTER TABLE public.users_groups OWNER TO postgres;

--
-- Name: users_groups_id_seq; Type: SEQUENCE; Schema: public; Owner: postgres
--

ALTER TABLE public.users_groups ALTER COLUMN id ADD GENERATED BY DEFAULT AS IDENTITY (
    SEQUENCE NAME public.users_groups_id_seq
    START WITH 1
    INCREMENT BY 1
    NO MINVALUE
    NO MAXVALUE
    CACHE 1
);


--
-- Name: users_id_seq; Type: SEQUENCE; Schema: public; Owner: postgres
--

ALTER TABLE public.users ALTER COLUMN id ADD GENERATED BY DEFAULT AS IDENTITY (
    SEQUENCE NAME public.users_id_seq
    START WITH 1
    INCREMENT BY 1
    NO MINVALUE
    NO MAXVALUE
    CACHE 1
);


--
-- Name: users_user_permissions; Type: TABLE; Schema: public; Owner: postgres
--

CREATE TABLE public.users_user_permissions (
    id bigint NOT NULL,
    user_id bigint NOT NULL,
    permission_id integer NOT NULL
);


ALTER TABLE public.users_user_permissions OWNER TO postgres;

--
-- Name: users_user_permissions_id_seq; Type: SEQUENCE; Schema: public; Owner: postgres
--

ALTER TABLE public.users_user_permissions ALTER COLUMN id ADD GENERATED BY DEFAULT AS IDENTITY (
    SEQUENCE NAME public.users_user_permissions_id_seq
    START WITH 1
    INCREMENT BY 1
    NO MINVALUE
    NO MAXVALUE
    CACHE 1
);


--
-- Data for Name: auth_group; Type: TABLE DATA; Schema: public; Owner: postgres
--

COPY public.auth_group (id, name) FROM stdin;
\.


--
-- Data for Name: auth_group_permissions; Type: TABLE DATA; Schema: public; Owner: postgres
--

COPY public.auth_group_permissions (id, group_id, permission_id) FROM stdin;
\.


--
-- Data for Name: auth_permission; Type: TABLE DATA; Schema: public; Owner: postgres
--

COPY public.auth_permission (id, name, content_type_id, codename) FROM stdin;
1	Can add log entry	1	add_logentry
2	Can change log entry	1	change_logentry
3	Can delete log entry	1	delete_logentry
4	Can view log entry	1	view_logentry
5	Can add permission	3	add_permission
6	Can change permission	3	change_permission
7	Can delete permission	3	delete_permission
8	Can view permission	3	view_permission
9	Can add group	2	add_group
10	Can change group	2	change_group
11	Can delete group	2	delete_group
12	Can view group	2	view_group
13	Can add content type	4	add_contenttype
14	Can change content type	4	change_contenttype
15	Can delete content type	4	delete_contenttype
16	Can view content type	4	view_contenttype
17	Can add session	5	add_session
18	Can change session	5	change_session
19	Can delete session	5	delete_session
20	Can view session	5	view_session
21	Can add 用户	7	add_user
22	Can change 用户	7	change_user
23	Can delete 用户	7	delete_user
24	Can view 用户	7	view_user
25	Can add 登录日志	6	add_loginlog
26	Can change 登录日志	6	change_loginlog
27	Can delete 登录日志	6	delete_loginlog
28	Can view 登录日志	6	view_loginlog
29	Can add 项目成果	9	add_projectachievement
30	Can change 项目成果	9	change_projectachievement
31	Can delete 项目成果	9	delete_projectachievement
32	Can view 项目成果	9	view_projectachievement
33	Can add 项目指导教师	10	add_projectadvisor
34	Can change 项目指导教师	10	change_projectadvisor
35	Can delete 项目指导教师	10	delete_projectadvisor
36	Can view 项目指导教师	10	view_projectadvisor
37	Can add 项目成员	11	add_projectmember
38	Can change 项目成员	11	change_projectmember
39	Can delete 项目成员	11	delete_projectmember
40	Can view 项目成员	11	view_projectmember
41	Can add 项目进度	12	add_projectprogress
42	Can change 项目进度	12	change_projectprogress
43	Can delete 项目进度	12	delete_projectprogress
44	Can view 项目进度	12	view_projectprogress
45	Can add 项目	8	add_project
46	Can change 项目	8	change_project
47	Can delete 项目	8	delete_project
48	Can view 项目	8	view_project
49	Can add 审核记录	13	add_review
50	Can change 审核记录	13	change_review
51	Can delete 审核记录	13	delete_review
52	Can view 审核记录	13	view_review
53	Can add 通知	14	add_notification
54	Can change 通知	14	change_notification
55	Can delete 通知	14	delete_notification
56	Can view 通知	14	view_notification
57	Can add 字典类型	16	add_dictionarytype
58	Can change 字典类型	16	change_dictionarytype
59	Can delete 字典类型	16	delete_dictionarytype
60	Can view 字典类型	16	view_dictionarytype
61	Can add 字典条目	15	add_dictionaryitem
62	Can change 字典条目	15	change_dictionaryitem
63	Can delete 字典条目	15	delete_dictionaryitem
64	Can view 字典条目	15	view_dictionaryitem
\.


--
-- Data for Name: dictionary_items; Type: TABLE DATA; Schema: public; Owner: postgres
--

COPY public.dictionary_items (id, value, label, sort_order, is_active, extra_data, description, created_at, updated_at, dict_type_id, template_file) FROM stdin;
1	TEACHER_RESEARCH	面向教师科研类	1	t	\N		2025-12-16 17:16:42.577506+08	2025-12-16 17:16:42.577506+08	1	\N
13	METALLURGY	冶金工程学院	1	t	\N		2025-12-16 17:16:42.577506+08	2025-12-16 17:16:42.577506+08	5	\N
14	MATERIALS	材料科学与工程学院	2	t	\N		2025-12-16 17:16:42.577506+08	2025-12-16 17:16:42.577506+08	5	\N
15	CHEMISTRY	化学与化工学院	3	t	\N		2025-12-16 17:16:42.577506+08	2025-12-16 17:16:42.577506+08	5	\N
16	CIVIL_ENG	建筑工程学院	4	t	\N		2025-12-16 17:16:42.577506+08	2025-12-16 17:16:42.577506+08	5	\N
17	MECHANICAL	机械工程学院	5	t	\N		2025-12-16 17:16:42.577506+08	2025-12-16 17:16:42.577506+08	5	\N
18	ELECTRICAL	电气与信息工程学院	6	t	\N		2025-12-16 17:16:42.577506+08	2025-12-16 17:16:42.577506+08	5	\N
19	CS	计算机科学与技术学院	7	t	\N		2025-12-16 17:16:42.577506+08	2025-12-16 17:16:42.577506+08	5	\N
20	PHILOSOPHY	哲学类	1	t	\N		2025-12-16 17:16:42.577506+08	2025-12-16 17:16:42.577506+08	6	\N
21	ECONOMICS	经济学类	2	t	\N		2025-12-16 17:16:42.577506+08	2025-12-16 17:16:42.577506+08	6	\N
22	FINANCE	财政学类	3	t	\N		2025-12-16 17:16:42.577506+08	2025-12-16 17:16:42.577506+08	6	\N
23	BANKING	金融学类	4	t	\N		2025-12-16 17:16:42.577506+08	2025-12-16 17:16:42.577506+08	6	\N
24	TRADE	经济与贸易类	5	t	\N		2025-12-16 17:16:42.577506+08	2025-12-16 17:16:42.577506+08	6	\N
25	LAW	法学类	6	t	\N		2025-12-16 17:16:42.577506+08	2025-12-16 17:16:42.577506+08	6	\N
26	POLITICS	政治学类	7	t	\N		2025-12-16 17:16:42.577506+08	2025-12-16 17:16:42.577506+08	6	\N
27	PROFESSOR	教授	1	t	\N		2025-12-16 17:16:42.577506+08	2025-12-16 23:43:15.694567+08	10	\N
28	ASSOCIATE_PROFESSOR	副教授	2	t	\N		2025-12-16 17:16:42.577506+08	2025-12-16 23:43:15.696779+08	10	\N
29	SENIOR_LAB_TECHNICIAN	高级实验师	3	t	\N		2025-12-16 17:16:42.577506+08	2025-12-16 23:43:15.697608+08	10	\N
30	LECTURER	讲师(高校)	4	t	\N		2025-12-16 17:16:42.577506+08	2025-12-16 23:43:15.698461+08	10	\N
31	ASSISTANT	助教(高校)	5	t	\N		2025-12-16 17:16:42.577506+08	2025-12-16 23:43:15.699188+08	10	\N
32	ASSISTANT_LAB_TECHNICIAN	助理实验师	6	t	\N		2025-12-16 17:16:42.577506+08	2025-12-16 23:43:15.700015+08	10	\N
37	研究员	研究员	7	t	\N		2025-12-16 23:14:22.736183+08	2025-12-16 23:43:15.700691+08	10	\N
8	创新训练项目	创新训练项目	1	t	{}		2025-12-16 17:16:42.577506+08	2025-12-17 00:47:12.829205+08	9	dictionary_templates/附件1安徽工业大学大学生创新训练项目申报书.doc
10	创业实践项目	创业实践项目	3	t	{}		2025-12-16 17:16:42.577506+08	2025-12-17 00:47:27.823459+08	9	dictionary_templates/2021安徽工业大学大学生创业实践项目申报书.doc
38	202406	测试	1	t	{}		2025-12-17 11:43:54.117801+08	2025-12-17 11:43:54.117821+08	13	
39	0804	材料类	8	t	{}		2025-12-17 11:49:50.616269+08	2025-12-17 11:49:50.616279+08	6	
44	ENTREPRENEURSHIP_TRAINING	创业训练项目	2	t	\N		2025-12-17 12:15:45.713708+08	2025-12-17 12:31:05.051555+08	9	
54	省级	省级	2	t	{"budget": 3000}		2025-12-17 12:42:58.150703+08	2025-12-17 12:44:37.257857+08	2	
55	国家级	国家级	3	t	{"budget": 10000}		2025-12-17 12:42:58.151891+08	2025-12-17 12:44:44.687174+08	2	
53	校级一般	校级一般	1	t	{"budget": 1000}		2025-12-17 12:42:58.14498+08	2025-12-17 12:44:54.597118+08	2	
56	校级重点	校级重点	4	t	{"budget": 3000}		2025-12-17 12:45:04.632778+08	2025-12-17 12:45:04.632785+08	2	
62	学科竞赛类	学科竞赛类	2	t	{}		2025-12-17 13:04:16.484357+08	2025-12-17 13:04:16.484365+08	1	
63	学生自主类	学生自主类	3	t	{}		2025-12-17 13:04:34.247402+08	2025-12-17 13:04:34.247416+08	1	
\.


--
-- Data for Name: dictionary_types; Type: TABLE DATA; Schema: public; Owner: postgres
--

COPY public.dictionary_types (id, code, name, description, is_system, is_active, created_at, updated_at) FROM stdin;
1	project_source	项目来源	项目来源分类	f	t	2025-12-16 17:16:42.577506+08	2025-12-16 17:16:42.577506+08
2	project_level	项目级别	项目级别分类	f	t	2025-12-16 17:16:42.577506+08	2025-12-16 17:16:42.577506+08
5	college	学院	学校下属学院	f	t	2025-12-16 17:16:42.577506+08	2025-12-16 17:16:42.577506+08
6	major_category	专业大类	项目所属专业大类	f	t	2025-12-16 17:16:42.577506+08	2025-12-16 17:16:42.577506+08
12	achievement_type	成果类型	项目成果类型，如：论文、专利、软著	t	t	2025-12-16 20:52:43.568287+08	2025-12-16 20:52:43.568291+08
13	key_field_code	重点领域	Key field codes	t	t	2025-12-16 21:26:25.85553+08	2025-12-16 21:26:25.855539+08
9	project_type	项目类别	项目类型，如：A类、B类	t	t	2025-12-16 20:52:43.563065+08	2025-12-16 20:52:43.563071+08
10	title	教师职称	教师职称，如：教授、副教授、讲师	t	t	2025-12-16 20:52:43.564943+08	2025-12-16 20:52:43.564948+08
\.


--
-- Data for Name: django_admin_log; Type: TABLE DATA; Schema: public; Owner: postgres
--

COPY public.django_admin_log (id, action_time, object_id, object_repr, action_flag, change_message, content_type_id, user_id) FROM stdin;
\.


--
-- Data for Name: django_content_type; Type: TABLE DATA; Schema: public; Owner: postgres
--

COPY public.django_content_type (id, app_label, model) FROM stdin;
1	admin	logentry
2	auth	group
3	auth	permission
4	contenttypes	contenttype
5	sessions	session
6	users	loginlog
7	users	user
8	projects	project
9	projects	projectachievement
10	projects	projectadvisor
11	projects	projectmember
12	projects	projectprogress
13	reviews	review
14	notifications	notification
15	dictionaries	dictionaryitem
16	dictionaries	dictionarytype
\.


--
-- Data for Name: django_migrations; Type: TABLE DATA; Schema: public; Owner: postgres
--

COPY public.django_migrations (id, app, name, applied) FROM stdin;
1	contenttypes	0001_initial	2025-12-16 17:11:17.061848+08
2	contenttypes	0002_remove_content_type_name	2025-12-16 17:11:17.066218+08
3	auth	0001_initial	2025-12-16 17:11:17.104008+08
4	auth	0002_alter_permission_name_max_length	2025-12-16 17:11:17.108905+08
5	auth	0003_alter_user_email_max_length	2025-12-16 17:11:17.112349+08
6	auth	0004_alter_user_username_opts	2025-12-16 17:11:17.115943+08
7	auth	0005_alter_user_last_login_null	2025-12-16 17:11:17.11974+08
8	auth	0006_require_contenttypes_0002	2025-12-16 17:11:17.121725+08
9	auth	0007_alter_validators_add_error_messages	2025-12-16 17:11:17.126355+08
10	auth	0008_alter_user_username_max_length	2025-12-16 17:11:17.130694+08
11	auth	0009_alter_user_last_name_max_length	2025-12-16 17:11:17.134522+08
12	auth	0010_alter_group_name_max_length	2025-12-16 17:11:17.140998+08
13	auth	0011_update_proxy_permissions	2025-12-16 17:11:17.146265+08
14	auth	0012_alter_user_first_name_max_length	2025-12-16 17:11:17.15138+08
15	users	0001_initial	2025-12-16 17:11:17.218915+08
16	admin	0001_initial	2025-12-16 17:11:17.235222+08
17	admin	0002_logentry_remove_auto_add	2025-12-16 17:11:17.239957+08
18	admin	0003_logentry_add_action_flag_choices	2025-12-16 17:11:17.246328+08
19	dictionaries	0001_initial	2025-12-16 17:11:17.28314+08
20	projects	0001_initial	2025-12-16 17:11:17.320386+08
21	notifications	0001_initial	2025-12-16 17:11:17.3284+08
22	notifications	0002_initial	2025-12-16 17:11:17.364073+08
23	projects	0002_initial	2025-12-16 17:11:17.535852+08
24	reviews	0001_initial	2025-12-16 17:11:17.552791+08
25	reviews	0002_initial	2025-12-16 17:11:17.594545+08
26	sessions	0001_initial	2025-12-16 17:11:17.604717+08
27	dictionaries	0002_seed_initial_dictionaries	2025-12-16 21:26:25.865724+08
28	dictionaries	0003_dictionaryitem_template_file	2025-12-17 00:45:48.103459+08
29	users	0002_user_title_alter_user_role	2025-12-17 01:07:20.4652+08
30	projects	0003_project_year	2025-12-17 12:07:46.720509+08
31	dictionaries	0004_seed_project_level_items	2025-12-17 12:53:47.362542+08
32	projects	0004_project_key_domain_code	2025-12-17 13:58:43.243283+08
\.


--
-- Data for Name: django_session; Type: TABLE DATA; Schema: public; Owner: postgres
--

COPY public.django_session (session_key, session_data, expire_date) FROM stdin;
\.


--
-- Data for Name: login_logs; Type: TABLE DATA; Schema: public; Owner: postgres
--

COPY public.login_logs (id, login_time, ip_address, user_agent, login_status, user_id) FROM stdin;
1	2025-12-16 17:19:49.436992+08	127.0.0.1	Mozilla/5.0 (Windows NT 10.0; Win64; x64) AppleWebKit/537.36 (KHTML, like Gecko) Chrome/143.0.0.0 Safari/537.36	t	1
2	2025-12-16 17:21:06.174764+08	127.0.0.1	Mozilla/5.0 (Windows NT 10.0; Win64; x64) AppleWebKit/537.36 (KHTML, like Gecko) Chrome/143.0.0.0 Safari/537.36	t	1
4	2025-12-16 18:45:46.34029+08	127.0.0.1	Mozilla/5.0 (Windows NT 10.0; Win64; x64) AppleWebKit/537.36 (KHTML, like Gecko) Chrome/143.0.0.0 Safari/537.36	t	1
8	2025-12-16 19:31:38.586652+08	127.0.0.1	Mozilla/5.0 (Windows NT 10.0; Win64; x64) AppleWebKit/537.36 (KHTML, like Gecko) Chrome/143.0.0.0 Safari/537.36	t	1
13	2025-12-16 19:36:31.428887+08	127.0.0.1	Mozilla/5.0 (Windows NT 10.0; Win64; x64) AppleWebKit/537.36 (KHTML, like Gecko) Chrome/143.0.0.0 Safari/537.36	t	1
29	2025-12-16 20:17:16.676634+08	127.0.0.1	Mozilla/5.0 (Windows NT 10.0; Win64; x64) AppleWebKit/537.36 (KHTML, like Gecko) Chrome/143.0.0.0 Safari/537.36	t	1
30	2025-12-16 20:22:00.360907+08	127.0.0.1	Mozilla/5.0 (Windows NT 10.0; Win64; x64) AppleWebKit/537.36 (KHTML, like Gecko) Chrome/143.0.0.0 Safari/537.36	t	1
31	2025-12-16 20:22:07.389461+08	127.0.0.1	Mozilla/5.0 (Windows NT 10.0; Win64; x64) AppleWebKit/537.36 (KHTML, like Gecko) Chrome/143.0.0.0 Safari/537.36	t	1
32	2025-12-16 20:23:24.335976+08	127.0.0.1	Mozilla/5.0 (Windows NT 10.0; Win64; x64) AppleWebKit/537.36 (KHTML, like Gecko) Chrome/143.0.0.0 Safari/537.36	t	1
33	2025-12-16 20:29:34.228623+08	127.0.0.1	Mozilla/5.0 (Windows NT 10.0; Win64; x64) AppleWebKit/537.36 (KHTML, like Gecko) Chrome/143.0.0.0 Safari/537.36	t	1
36	2025-12-16 20:38:28.42919+08	127.0.0.1	Mozilla/5.0 (Windows NT 10.0; Win64; x64) AppleWebKit/537.36 (KHTML, like Gecko) Chrome/143.0.0.0 Safari/537.36	t	1
41	2025-12-16 22:54:20.01122+08	127.0.0.1	Mozilla/5.0 (Windows NT 10.0; Win64; x64) AppleWebKit/537.36 (KHTML, like Gecko) Chrome/143.0.0.0 Safari/537.36	t	1
42	2025-12-16 23:00:51.812341+08	127.0.0.1	Mozilla/5.0 (Windows NT 10.0; Win64; x64) AppleWebKit/537.36 (KHTML, like Gecko) Chrome/143.0.0.0 Safari/537.36	t	1
45	2025-12-17 10:21:17.995543+08	127.0.0.1	Mozilla/5.0 (X11; Linux x86_64) AppleWebKit/537.36 (KHTML, like Gecko) Chrome/142.0.0.0 Safari/537.36	t	1
46	2025-12-17 11:37:10.641905+08	127.0.0.1	Mozilla/5.0 (X11; Linux x86_64) AppleWebKit/537.36 (KHTML, like Gecko) Chrome/142.0.0.0 Safari/537.36	t	9
47	2025-12-17 11:46:06.229113+08	127.0.0.1	Mozilla/5.0 (X11; Linux x86_64) AppleWebKit/537.36 (KHTML, like Gecko) Chrome/142.0.0.0 Safari/537.36	t	9
48	2025-12-17 13:10:23.555314+08	127.0.0.1	Mozilla/5.0 (X11; Ubuntu; Linux x86_64; rv:145.0) Gecko/20100101 Firefox/145.0	t	14
49	2025-12-17 13:48:42.38625+08	127.0.0.1	Mozilla/5.0 (X11; Linux x86_64) AppleWebKit/537.36 (KHTML, like Gecko) Chrome/142.0.0.0 Safari/537.36	t	9
50	2025-12-17 13:54:41.649161+08	127.0.0.1	Mozilla/5.0 (X11; Linux x86_64) AppleWebKit/537.36 (KHTML, like Gecko) Chrome/142.0.0.0 Safari/537.36	t	14
51	2025-12-17 14:00:05.925316+08	127.0.0.1	Mozilla/5.0 (X11; Ubuntu; Linux x86_64; rv:145.0) Gecko/20100101 Firefox/145.0	t	1
52	2025-12-17 14:31:10.591537+08	127.0.0.1	Mozilla/5.0 (X11; Linux x86_64) AppleWebKit/537.36 (KHTML, like Gecko) Chrome/142.0.0.0 Safari/537.36	t	1
53	2025-12-17 14:56:24.49186+08	127.0.0.1	Mozilla/5.0 (X11; Linux x86_64) AppleWebKit/537.36 (KHTML, like Gecko) Chrome/142.0.0.0 Safari/537.36	t	9
54	2025-12-17 14:56:50.411647+08	127.0.0.1	Mozilla/5.0 (X11; Linux x86_64) AppleWebKit/537.36 (KHTML, like Gecko) Chrome/142.0.0.0 Safari/537.36	t	1
55	2025-12-17 15:19:45.932771+08	127.0.0.1	Mozilla/5.0 (X11; Linux x86_64) AppleWebKit/537.36 (KHTML, like Gecko) Chrome/142.0.0.0 Safari/537.36	t	9
56	2025-12-17 15:20:47.979017+08	127.0.0.1	Mozilla/5.0 (X11; Linux x86_64) AppleWebKit/537.36 (KHTML, like Gecko) Chrome/142.0.0.0 Safari/537.36	t	14
57	2025-12-17 15:37:34.696421+08	127.0.0.1	Mozilla/5.0 (X11; Linux x86_64) AppleWebKit/537.36 (KHTML, like Gecko) Chrome/142.0.0.0 Safari/537.36	t	9
58	2025-12-17 16:24:22.713255+08	127.0.0.1	Mozilla/5.0 (X11; Linux x86_64) AppleWebKit/537.36 (KHTML, like Gecko) Chrome/142.0.0.0 Safari/537.36	t	9
59	2025-12-17 16:24:46.597237+08	127.0.0.1	Mozilla/5.0 (X11; Linux x86_64) AppleWebKit/537.36 (KHTML, like Gecko) Chrome/142.0.0.0 Safari/537.36	t	14
60	2025-12-17 16:25:05.066225+08	127.0.0.1	Mozilla/5.0 (X11; Linux x86_64) AppleWebKit/537.36 (KHTML, like Gecko) Chrome/142.0.0.0 Safari/537.36	t	1
\.


--
-- Data for Name: notifications; Type: TABLE DATA; Schema: public; Owner: postgres
--

COPY public.notifications (id, title, content, notification_type, is_read, read_at, created_at, recipient_id, related_project_id) FROM stdin;
\.


--
-- Data for Name: project_achievements; Type: TABLE DATA; Schema: public; Owner: postgres
--

COPY public.project_achievements (id, title, description, authors, journal, publication_date, doi, patent_no, patent_type, applicant, copyright_no, copyright_owner, competition_name, award_level, award_date, attachment, created_at, updated_at, achievement_type_id, project_id) FROM stdin;
\.


--
-- Data for Name: project_advisors; Type: TABLE DATA; Schema: public; Owner: postgres
--

COPY public.project_advisors (id, "order", project_id, user_id) FROM stdin;
11	0	3	13
\.


--
-- Data for Name: project_members; Type: TABLE DATA; Schema: public; Owner: postgres
--

COPY public.project_members (id, role, join_date, contribution, project_id, user_id) FROM stdin;
30	LEADER	2025-12-17		3	9
34	MEMBER	2025-12-17		3	12
35	MEMBER	2025-12-17		3	11
36	MEMBER	2025-12-17		3	10
\.


--
-- Data for Name: project_progress; Type: TABLE DATA; Schema: public; Owner: postgres
--

COPY public.project_progress (id, title, content, attachment, created_at, created_by_id, project_id) FROM stdin;
\.


--
-- Data for Name: projects; Type: TABLE DATA; Schema: public; Owner: postgres
--

COPY public.projects (id, project_no, title, description, is_key_field, self_funding, category_description, start_date, end_date, budget, research_content, research_plan, expected_results, innovation_points, proposal_file, attachment_file, final_report, achievement_file, status, ranking, created_at, updated_at, submitted_at, closure_applied_at, category_id, leader_id, level_id, source_id, year, key_domain_code) FROM stdin;
3	DC20250001	镁电解熔盐中杂质的绿色高效分离	熔盐电解法是工业上生产金属镁的常用方法。在电解法生产金属镁的过程中，氯化镁原料和电解槽损耗会引入有害的金属杂质，对镁电解过程产生不利影响。本项目通过控电位电解的方法对熔盐中的Fe(III)、Mn(II)和Al(III)等典型杂质进行分离，为熔盐电解制备高纯度金属镁提供理论依据。采用控电位电解法对NaCl-KCl-MgCl2熔盐中的金属杂质进行分离并计算镁电解质体系中杂质的去除率。	t	0.00		\N	\N	10000.00			调研报告		proposals/0_y01nWL7.pdf		final_reports/0.pdf	achievements/0.pdf	CLOSURE_LEVEL1_REVIEWING	\N	2025-12-17 13:08:47.696009+08	2025-12-17 15:10:45.366152+08	2025-12-17 13:09:08.102793+08	2025-12-17 13:22:09.067708+08	8	9	55	1	2025	202406
\.


--
-- Data for Name: reviews; Type: TABLE DATA; Schema: public; Owner: postgres
--

COPY public.reviews (id, review_type, review_level, status, comments, score, closure_rating, created_at, reviewed_at, project_id, reviewer_id) FROM stdin;
2	APPLICATION	LEVEL2	APPROVED		\N	\N	2025-12-17 13:09:08.104784+08	2025-12-17 13:17:29.760372+08	3	14
3	CLOSURE	LEVEL2	APPROVED		\N	\N	2025-12-17 13:22:09.071765+08	2025-12-17 13:22:25.634031+08	3	14
4	CLOSURE	LEVEL1	PENDING		\N	\N	2025-12-17 13:22:25.636866+08	\N	3	\N
\.


--
-- Data for Name: users; Type: TABLE DATA; Schema: public; Owner: postgres
--

COPY public.users (id, password, last_login, is_superuser, username, first_name, last_name, is_staff, date_joined, role, employee_id, real_name, phone, email, major, grade, class_name, college, department, avatar, is_active, created_at, updated_at, title) FROM stdin;
1	pbkdf2_sha256$1200000$34mk2wHfjYAmQmhNASjcbM$U/iJnXcx+Eo7fWrVTZYBKP6D8tI/CacIvdz+BT/f4dI=	\N	t	admin			t	2025-12-16 17:15:53.245779+08	LEVEL1_ADMIN	admin			admin123@qq.com							t	2025-12-16 17:15:53.495549+08	2025-12-16 17:15:53.495554+08	
10	pbkdf2_sha256$1200000$B5VomYe8KuIwsflOmatMnk$1Th+FbHi3CvWSmhm9QfVVOR2orjjBGVC0Znvcm4gGoU=	\N	f	229014231			f	2025-12-17 11:18:49.585119+08	STUDENT	229014231	杨竞择									t	2025-12-17 11:18:49.585404+08	2025-12-17 11:18:49.817659+08	
11	pbkdf2_sha256$1200000$m4AU5PdwGBlAdWIGpl7JlP$1ESy+NUXAsZ7E32GF9hDiSX2GqdTkOZm+/CTpBLF9Mw=	\N	f	239014352			f	2025-12-17 11:19:14.868051+08	STUDENT	239014352	汤培									t	2025-12-17 11:19:14.868262+08	2025-12-17 11:19:15.121815+08	
12	pbkdf2_sha256$1200000$JofoitdwHBUXpHsSa81OAV$m/mefbAcW6KSj79f9oDax2ufEfbdT9OLfd0/ucnPP7g=	\N	f	239014243			f	2025-12-17 11:19:38.866614+08	STUDENT	239014243	耿文涛									t	2025-12-17 11:19:38.866839+08	2025-12-17 11:19:39.098838+08	
13	pbkdf2_sha256$1200000$hwM3AckS6WsiGuh3CNnMd2$WT09vm0LDjcUYW9qxCWViTU9f2azAPd6+TKSAfTa5TM=	\N	f	20250001			f	2025-12-17 11:22:07.329738+08	TEACHER	20250001	华中胜	18225551375	huazs83@163.com				METALLURGY			t	2025-12-17 11:22:07.329947+08	2025-12-17 11:22:07.558962+08	PROFESSOR
14	pbkdf2_sha256$1200000$Md8UF9GP8ln6pVSeo4opNj$kIkHSSK6Psf5Aoky0ROmw0GJ566JaRF/XF3zprUO4Ko=	\N	f	00000001			f	2025-12-17 11:31:59.381756+08	LEVEL2_ADMIN	00000001	李四						METALLURGY			t	2025-12-17 11:31:59.381971+08	2025-12-17 11:31:59.610953+08	
9	pbkdf2_sha256$1200000$enj3z2U8oMLRC0CotUPAez$wFolpfS5aTxIB6TsvvcYqgiaHiqYb8mzidiy9NLdhV8=	\N	f	229014363			f	2025-12-17 11:10:14.507745+08	STUDENT	229014363	蒋文君	17755531945	2509421760@qq.com	0804			METALLURGY			t	2025-12-17 11:10:14.508171+08	2025-12-17 11:10:14.743789+08	
\.


--
-- Data for Name: users_groups; Type: TABLE DATA; Schema: public; Owner: postgres
--

COPY public.users_groups (id, user_id, group_id) FROM stdin;
\.


--
-- Data for Name: users_user_permissions; Type: TABLE DATA; Schema: public; Owner: postgres
--

COPY public.users_user_permissions (id, user_id, permission_id) FROM stdin;
\.


--
-- Name: auth_group_id_seq; Type: SEQUENCE SET; Schema: public; Owner: postgres
--

SELECT pg_catalog.setval('public.auth_group_id_seq', 1, false);


--
-- Name: auth_group_permissions_id_seq; Type: SEQUENCE SET; Schema: public; Owner: postgres
--

SELECT pg_catalog.setval('public.auth_group_permissions_id_seq', 1, false);


--
-- Name: auth_permission_id_seq; Type: SEQUENCE SET; Schema: public; Owner: postgres
--

SELECT pg_catalog.setval('public.auth_permission_id_seq', 64, true);


--
-- Name: dictionary_items_id_seq; Type: SEQUENCE SET; Schema: public; Owner: postgres
--

SELECT pg_catalog.setval('public.dictionary_items_id_seq', 63, true);


--
-- Name: dictionary_types_id_seq; Type: SEQUENCE SET; Schema: public; Owner: postgres
--

SELECT pg_catalog.setval('public.dictionary_types_id_seq', 17, true);


--
-- Name: django_admin_log_id_seq; Type: SEQUENCE SET; Schema: public; Owner: postgres
--

SELECT pg_catalog.setval('public.django_admin_log_id_seq', 1, false);


--
-- Name: django_content_type_id_seq; Type: SEQUENCE SET; Schema: public; Owner: postgres
--

SELECT pg_catalog.setval('public.django_content_type_id_seq', 16, true);


--
-- Name: django_migrations_id_seq; Type: SEQUENCE SET; Schema: public; Owner: postgres
--

SELECT pg_catalog.setval('public.django_migrations_id_seq', 32, true);


--
-- Name: login_logs_id_seq; Type: SEQUENCE SET; Schema: public; Owner: postgres
--

SELECT pg_catalog.setval('public.login_logs_id_seq', 60, true);


--
-- Name: notifications_id_seq; Type: SEQUENCE SET; Schema: public; Owner: postgres
--

SELECT pg_catalog.setval('public.notifications_id_seq', 1, false);


--
-- Name: project_achievements_id_seq; Type: SEQUENCE SET; Schema: public; Owner: postgres
--

SELECT pg_catalog.setval('public.project_achievements_id_seq', 1, false);


--
-- Name: project_advisors_id_seq; Type: SEQUENCE SET; Schema: public; Owner: postgres
--

SELECT pg_catalog.setval('public.project_advisors_id_seq', 11, true);


--
-- Name: project_members_id_seq; Type: SEQUENCE SET; Schema: public; Owner: postgres
--

SELECT pg_catalog.setval('public.project_members_id_seq', 36, true);


--
-- Name: project_progress_id_seq; Type: SEQUENCE SET; Schema: public; Owner: postgres
--

SELECT pg_catalog.setval('public.project_progress_id_seq', 1, false);


--
-- Name: projects_id_seq; Type: SEQUENCE SET; Schema: public; Owner: postgres
--

SELECT pg_catalog.setval('public.projects_id_seq', 3, true);


--
-- Name: reviews_id_seq; Type: SEQUENCE SET; Schema: public; Owner: postgres
--

SELECT pg_catalog.setval('public.reviews_id_seq', 4, true);


--
-- Name: users_groups_id_seq; Type: SEQUENCE SET; Schema: public; Owner: postgres
--

SELECT pg_catalog.setval('public.users_groups_id_seq', 1, false);


--
-- Name: users_id_seq; Type: SEQUENCE SET; Schema: public; Owner: postgres
--

SELECT pg_catalog.setval('public.users_id_seq', 15, true);


--
-- Name: users_user_permissions_id_seq; Type: SEQUENCE SET; Schema: public; Owner: postgres
--

SELECT pg_catalog.setval('public.users_user_permissions_id_seq', 1, false);


--
-- Name: auth_group auth_group_name_key; Type: CONSTRAINT; Schema: public; Owner: postgres
--

ALTER TABLE ONLY public.auth_group
    ADD CONSTRAINT auth_group_name_key UNIQUE (name);


--
-- Name: auth_group_permissions auth_group_permissions_group_id_permission_id_0cd325b0_uniq; Type: CONSTRAINT; Schema: public; Owner: postgres
--

ALTER TABLE ONLY public.auth_group_permissions
    ADD CONSTRAINT auth_group_permissions_group_id_permission_id_0cd325b0_uniq UNIQUE (group_id, permission_id);


--
-- Name: auth_group_permissions auth_group_permissions_pkey; Type: CONSTRAINT; Schema: public; Owner: postgres
--

ALTER TABLE ONLY public.auth_group_permissions
    ADD CONSTRAINT auth_group_permissions_pkey PRIMARY KEY (id);


--
-- Name: auth_group auth_group_pkey; Type: CONSTRAINT; Schema: public; Owner: postgres
--

ALTER TABLE ONLY public.auth_group
    ADD CONSTRAINT auth_group_pkey PRIMARY KEY (id);


--
-- Name: auth_permission auth_permission_content_type_id_codename_01ab375a_uniq; Type: CONSTRAINT; Schema: public; Owner: postgres
--

ALTER TABLE ONLY public.auth_permission
    ADD CONSTRAINT auth_permission_content_type_id_codename_01ab375a_uniq UNIQUE (content_type_id, codename);


--
-- Name: auth_permission auth_permission_pkey; Type: CONSTRAINT; Schema: public; Owner: postgres
--

ALTER TABLE ONLY public.auth_permission
    ADD CONSTRAINT auth_permission_pkey PRIMARY KEY (id);


--
-- Name: dictionary_items dictionary_items_dict_type_id_value_d443096c_uniq; Type: CONSTRAINT; Schema: public; Owner: postgres
--

ALTER TABLE ONLY public.dictionary_items
    ADD CONSTRAINT dictionary_items_dict_type_id_value_d443096c_uniq UNIQUE (dict_type_id, value);


--
-- Name: dictionary_items dictionary_items_pkey; Type: CONSTRAINT; Schema: public; Owner: postgres
--

ALTER TABLE ONLY public.dictionary_items
    ADD CONSTRAINT dictionary_items_pkey PRIMARY KEY (id);


--
-- Name: dictionary_types dictionary_types_code_key; Type: CONSTRAINT; Schema: public; Owner: postgres
--

ALTER TABLE ONLY public.dictionary_types
    ADD CONSTRAINT dictionary_types_code_key UNIQUE (code);


--
-- Name: dictionary_types dictionary_types_pkey; Type: CONSTRAINT; Schema: public; Owner: postgres
--

ALTER TABLE ONLY public.dictionary_types
    ADD CONSTRAINT dictionary_types_pkey PRIMARY KEY (id);


--
-- Name: django_admin_log django_admin_log_pkey; Type: CONSTRAINT; Schema: public; Owner: postgres
--

ALTER TABLE ONLY public.django_admin_log
    ADD CONSTRAINT django_admin_log_pkey PRIMARY KEY (id);


--
-- Name: django_content_type django_content_type_app_label_model_76bd3d3b_uniq; Type: CONSTRAINT; Schema: public; Owner: postgres
--

ALTER TABLE ONLY public.django_content_type
    ADD CONSTRAINT django_content_type_app_label_model_76bd3d3b_uniq UNIQUE (app_label, model);


--
-- Name: django_content_type django_content_type_pkey; Type: CONSTRAINT; Schema: public; Owner: postgres
--

ALTER TABLE ONLY public.django_content_type
    ADD CONSTRAINT django_content_type_pkey PRIMARY KEY (id);


--
-- Name: django_migrations django_migrations_pkey; Type: CONSTRAINT; Schema: public; Owner: postgres
--

ALTER TABLE ONLY public.django_migrations
    ADD CONSTRAINT django_migrations_pkey PRIMARY KEY (id);


--
-- Name: django_session django_session_pkey; Type: CONSTRAINT; Schema: public; Owner: postgres
--

ALTER TABLE ONLY public.django_session
    ADD CONSTRAINT django_session_pkey PRIMARY KEY (session_key);


--
-- Name: login_logs login_logs_pkey; Type: CONSTRAINT; Schema: public; Owner: postgres
--

ALTER TABLE ONLY public.login_logs
    ADD CONSTRAINT login_logs_pkey PRIMARY KEY (id);


--
-- Name: notifications notifications_pkey; Type: CONSTRAINT; Schema: public; Owner: postgres
--

ALTER TABLE ONLY public.notifications
    ADD CONSTRAINT notifications_pkey PRIMARY KEY (id);


--
-- Name: project_achievements project_achievements_pkey; Type: CONSTRAINT; Schema: public; Owner: postgres
--

ALTER TABLE ONLY public.project_achievements
    ADD CONSTRAINT project_achievements_pkey PRIMARY KEY (id);


--
-- Name: project_advisors project_advisors_pkey; Type: CONSTRAINT; Schema: public; Owner: postgres
--

ALTER TABLE ONLY public.project_advisors
    ADD CONSTRAINT project_advisors_pkey PRIMARY KEY (id);


--
-- Name: project_members project_members_pkey; Type: CONSTRAINT; Schema: public; Owner: postgres
--

ALTER TABLE ONLY public.project_members
    ADD CONSTRAINT project_members_pkey PRIMARY KEY (id);


--
-- Name: project_members project_members_project_id_user_id_ab18bfcc_uniq; Type: CONSTRAINT; Schema: public; Owner: postgres
--

ALTER TABLE ONLY public.project_members
    ADD CONSTRAINT project_members_project_id_user_id_ab18bfcc_uniq UNIQUE (project_id, user_id);


--
-- Name: project_progress project_progress_pkey; Type: CONSTRAINT; Schema: public; Owner: postgres
--

ALTER TABLE ONLY public.project_progress
    ADD CONSTRAINT project_progress_pkey PRIMARY KEY (id);


--
-- Name: projects projects_pkey; Type: CONSTRAINT; Schema: public; Owner: postgres
--

ALTER TABLE ONLY public.projects
    ADD CONSTRAINT projects_pkey PRIMARY KEY (id);


--
-- Name: projects projects_project_no_key; Type: CONSTRAINT; Schema: public; Owner: postgres
--

ALTER TABLE ONLY public.projects
    ADD CONSTRAINT projects_project_no_key UNIQUE (project_no);


--
-- Name: reviews reviews_pkey; Type: CONSTRAINT; Schema: public; Owner: postgres
--

ALTER TABLE ONLY public.reviews
    ADD CONSTRAINT reviews_pkey PRIMARY KEY (id);


--
-- Name: users users_employee_id_key; Type: CONSTRAINT; Schema: public; Owner: postgres
--

ALTER TABLE ONLY public.users
    ADD CONSTRAINT users_employee_id_key UNIQUE (employee_id);


--
-- Name: users_groups users_groups_pkey; Type: CONSTRAINT; Schema: public; Owner: postgres
--

ALTER TABLE ONLY public.users_groups
    ADD CONSTRAINT users_groups_pkey PRIMARY KEY (id);


--
-- Name: users_groups users_groups_user_id_group_id_fc7788e8_uniq; Type: CONSTRAINT; Schema: public; Owner: postgres
--

ALTER TABLE ONLY public.users_groups
    ADD CONSTRAINT users_groups_user_id_group_id_fc7788e8_uniq UNIQUE (user_id, group_id);


--
-- Name: users users_pkey; Type: CONSTRAINT; Schema: public; Owner: postgres
--

ALTER TABLE ONLY public.users
    ADD CONSTRAINT users_pkey PRIMARY KEY (id);


--
-- Name: users_user_permissions users_user_permissions_pkey; Type: CONSTRAINT; Schema: public; Owner: postgres
--

ALTER TABLE ONLY public.users_user_permissions
    ADD CONSTRAINT users_user_permissions_pkey PRIMARY KEY (id);


--
-- Name: users_user_permissions users_user_permissions_user_id_permission_id_3b86cbdf_uniq; Type: CONSTRAINT; Schema: public; Owner: postgres
--

ALTER TABLE ONLY public.users_user_permissions
    ADD CONSTRAINT users_user_permissions_user_id_permission_id_3b86cbdf_uniq UNIQUE (user_id, permission_id);


--
-- Name: users users_username_key; Type: CONSTRAINT; Schema: public; Owner: postgres
--

ALTER TABLE ONLY public.users
    ADD CONSTRAINT users_username_key UNIQUE (username);


--
-- Name: auth_group_name_a6ea08ec_like; Type: INDEX; Schema: public; Owner: postgres
--

CREATE INDEX auth_group_name_a6ea08ec_like ON public.auth_group USING btree (name varchar_pattern_ops);


--
-- Name: auth_group_permissions_group_id_b120cbf9; Type: INDEX; Schema: public; Owner: postgres
--

CREATE INDEX auth_group_permissions_group_id_b120cbf9 ON public.auth_group_permissions USING btree (group_id);


--
-- Name: auth_group_permissions_permission_id_84c5c92e; Type: INDEX; Schema: public; Owner: postgres
--

CREATE INDEX auth_group_permissions_permission_id_84c5c92e ON public.auth_group_permissions USING btree (permission_id);


--
-- Name: auth_permission_content_type_id_2f476e4b; Type: INDEX; Schema: public; Owner: postgres
--

CREATE INDEX auth_permission_content_type_id_2f476e4b ON public.auth_permission USING btree (content_type_id);


--
-- Name: dictionary__dict_ty_efa91e_idx; Type: INDEX; Schema: public; Owner: postgres
--

CREATE INDEX dictionary__dict_ty_efa91e_idx ON public.dictionary_items USING btree (dict_type_id, is_active);


--
-- Name: dictionary_items_dict_type_id_08d3c96f; Type: INDEX; Schema: public; Owner: postgres
--

CREATE INDEX dictionary_items_dict_type_id_08d3c96f ON public.dictionary_items USING btree (dict_type_id);


--
-- Name: dictionary_items_value_cc3d1c81; Type: INDEX; Schema: public; Owner: postgres
--

CREATE INDEX dictionary_items_value_cc3d1c81 ON public.dictionary_items USING btree (value);


--
-- Name: dictionary_items_value_cc3d1c81_like; Type: INDEX; Schema: public; Owner: postgres
--

CREATE INDEX dictionary_items_value_cc3d1c81_like ON public.dictionary_items USING btree (value varchar_pattern_ops);


--
-- Name: dictionary_types_code_0d0f74a4_like; Type: INDEX; Schema: public; Owner: postgres
--

CREATE INDEX dictionary_types_code_0d0f74a4_like ON public.dictionary_types USING btree (code varchar_pattern_ops);


--
-- Name: django_admin_log_content_type_id_c4bce8eb; Type: INDEX; Schema: public; Owner: postgres
--

CREATE INDEX django_admin_log_content_type_id_c4bce8eb ON public.django_admin_log USING btree (content_type_id);


--
-- Name: django_admin_log_user_id_c564eba6; Type: INDEX; Schema: public; Owner: postgres
--

CREATE INDEX django_admin_log_user_id_c564eba6 ON public.django_admin_log USING btree (user_id);


--
-- Name: django_session_expire_date_a5c62663; Type: INDEX; Schema: public; Owner: postgres
--

CREATE INDEX django_session_expire_date_a5c62663 ON public.django_session USING btree (expire_date);


--
-- Name: django_session_session_key_c0390e0f_like; Type: INDEX; Schema: public; Owner: postgres
--

CREATE INDEX django_session_session_key_c0390e0f_like ON public.django_session USING btree (session_key varchar_pattern_ops);


--
-- Name: login_logs_user_id_d31d00a1; Type: INDEX; Schema: public; Owner: postgres
--

CREATE INDEX login_logs_user_id_d31d00a1 ON public.login_logs USING btree (user_id);


--
-- Name: notificatio_recipie_583549_idx; Type: INDEX; Schema: public; Owner: postgres
--

CREATE INDEX notificatio_recipie_583549_idx ON public.notifications USING btree (recipient_id, is_read);


--
-- Name: notifications_recipient_id_e1133bac; Type: INDEX; Schema: public; Owner: postgres
--

CREATE INDEX notifications_recipient_id_e1133bac ON public.notifications USING btree (recipient_id);


--
-- Name: notifications_related_project_id_937ebb75; Type: INDEX; Schema: public; Owner: postgres
--

CREATE INDEX notifications_related_project_id_937ebb75 ON public.notifications USING btree (related_project_id);


--
-- Name: project_ach_project_5cdff8_idx; Type: INDEX; Schema: public; Owner: postgres
--

CREATE INDEX project_ach_project_5cdff8_idx ON public.project_achievements USING btree (project_id, achievement_type_id);


--
-- Name: project_achievements_achievement_type_id_1d76d968; Type: INDEX; Schema: public; Owner: postgres
--

CREATE INDEX project_achievements_achievement_type_id_1d76d968 ON public.project_achievements USING btree (achievement_type_id);


--
-- Name: project_achievements_project_id_99c3182e; Type: INDEX; Schema: public; Owner: postgres
--

CREATE INDEX project_achievements_project_id_99c3182e ON public.project_achievements USING btree (project_id);


--
-- Name: project_advisors_project_id_d2ef5924; Type: INDEX; Schema: public; Owner: postgres
--

CREATE INDEX project_advisors_project_id_d2ef5924 ON public.project_advisors USING btree (project_id);


--
-- Name: project_advisors_user_id_e397bc74; Type: INDEX; Schema: public; Owner: postgres
--

CREATE INDEX project_advisors_user_id_e397bc74 ON public.project_advisors USING btree (user_id);


--
-- Name: project_members_project_id_bf2e42ec; Type: INDEX; Schema: public; Owner: postgres
--

CREATE INDEX project_members_project_id_bf2e42ec ON public.project_members USING btree (project_id);


--
-- Name: project_members_user_id_2e9d44b1; Type: INDEX; Schema: public; Owner: postgres
--

CREATE INDEX project_members_user_id_2e9d44b1 ON public.project_members USING btree (user_id);


--
-- Name: project_progress_created_by_id_bfa96ce7; Type: INDEX; Schema: public; Owner: postgres
--

CREATE INDEX project_progress_created_by_id_bfa96ce7 ON public.project_progress USING btree (created_by_id);


--
-- Name: project_progress_project_id_c9b0d403; Type: INDEX; Schema: public; Owner: postgres
--

CREATE INDEX project_progress_project_id_c9b0d403 ON public.project_progress USING btree (project_id);


--
-- Name: projects_category_id_2110ba9e; Type: INDEX; Schema: public; Owner: postgres
--

CREATE INDEX projects_category_id_2110ba9e ON public.projects USING btree (category_id);


--
-- Name: projects_leader_id_aabb0912; Type: INDEX; Schema: public; Owner: postgres
--

CREATE INDEX projects_leader_id_aabb0912 ON public.projects USING btree (leader_id);


--
-- Name: projects_level_id_8a6f1c0b; Type: INDEX; Schema: public; Owner: postgres
--

CREATE INDEX projects_level_id_8a6f1c0b ON public.projects USING btree (level_id);


--
-- Name: projects_project_b2c64d_idx; Type: INDEX; Schema: public; Owner: postgres
--

CREATE INDEX projects_project_b2c64d_idx ON public.projects USING btree (project_no);


--
-- Name: projects_project_no_b1aacc70_like; Type: INDEX; Schema: public; Owner: postgres
--

CREATE INDEX projects_project_no_b1aacc70_like ON public.projects USING btree (project_no varchar_pattern_ops);


--
-- Name: projects_source_id_4682911e; Type: INDEX; Schema: public; Owner: postgres
--

CREATE INDEX projects_source_id_4682911e ON public.projects USING btree (source_id);


--
-- Name: projects_status_6303d7_idx; Type: INDEX; Schema: public; Owner: postgres
--

CREATE INDEX projects_status_6303d7_idx ON public.projects USING btree (status);


--
-- Name: reviews_project_1fd85d_idx; Type: INDEX; Schema: public; Owner: postgres
--

CREATE INDEX reviews_project_1fd85d_idx ON public.reviews USING btree (project_id, review_level);


--
-- Name: reviews_project_id_1ffdb6d1; Type: INDEX; Schema: public; Owner: postgres
--

CREATE INDEX reviews_project_id_1ffdb6d1 ON public.reviews USING btree (project_id);


--
-- Name: reviews_reviewer_id_dbb954a8; Type: INDEX; Schema: public; Owner: postgres
--

CREATE INDEX reviews_reviewer_id_dbb954a8 ON public.reviews USING btree (reviewer_id);


--
-- Name: reviews_status_12ddaa_idx; Type: INDEX; Schema: public; Owner: postgres
--

CREATE INDEX reviews_status_12ddaa_idx ON public.reviews USING btree (status);


--
-- Name: users_employee_id_7c8e0276_like; Type: INDEX; Schema: public; Owner: postgres
--

CREATE INDEX users_employee_id_7c8e0276_like ON public.users USING btree (employee_id varchar_pattern_ops);


--
-- Name: users_groups_group_id_2f3517aa; Type: INDEX; Schema: public; Owner: postgres
--

CREATE INDEX users_groups_group_id_2f3517aa ON public.users_groups USING btree (group_id);


--
-- Name: users_groups_user_id_f500bee5; Type: INDEX; Schema: public; Owner: postgres
--

CREATE INDEX users_groups_user_id_f500bee5 ON public.users_groups USING btree (user_id);


--
-- Name: users_user_permissions_permission_id_6d08dcd2; Type: INDEX; Schema: public; Owner: postgres
--

CREATE INDEX users_user_permissions_permission_id_6d08dcd2 ON public.users_user_permissions USING btree (permission_id);


--
-- Name: users_user_permissions_user_id_92473840; Type: INDEX; Schema: public; Owner: postgres
--

CREATE INDEX users_user_permissions_user_id_92473840 ON public.users_user_permissions USING btree (user_id);


--
-- Name: users_username_e8658fc8_like; Type: INDEX; Schema: public; Owner: postgres
--

CREATE INDEX users_username_e8658fc8_like ON public.users USING btree (username varchar_pattern_ops);


--
-- Name: auth_group_permissions auth_group_permissio_permission_id_84c5c92e_fk_auth_perm; Type: FK CONSTRAINT; Schema: public; Owner: postgres
--

ALTER TABLE ONLY public.auth_group_permissions
    ADD CONSTRAINT auth_group_permissio_permission_id_84c5c92e_fk_auth_perm FOREIGN KEY (permission_id) REFERENCES public.auth_permission(id) DEFERRABLE INITIALLY DEFERRED;


--
-- Name: auth_group_permissions auth_group_permissions_group_id_b120cbf9_fk_auth_group_id; Type: FK CONSTRAINT; Schema: public; Owner: postgres
--

ALTER TABLE ONLY public.auth_group_permissions
    ADD CONSTRAINT auth_group_permissions_group_id_b120cbf9_fk_auth_group_id FOREIGN KEY (group_id) REFERENCES public.auth_group(id) DEFERRABLE INITIALLY DEFERRED;


--
-- Name: auth_permission auth_permission_content_type_id_2f476e4b_fk_django_co; Type: FK CONSTRAINT; Schema: public; Owner: postgres
--

ALTER TABLE ONLY public.auth_permission
    ADD CONSTRAINT auth_permission_content_type_id_2f476e4b_fk_django_co FOREIGN KEY (content_type_id) REFERENCES public.django_content_type(id) DEFERRABLE INITIALLY DEFERRED;


--
-- Name: dictionary_items dictionary_items_dict_type_id_08d3c96f_fk_dictionary_types_id; Type: FK CONSTRAINT; Schema: public; Owner: postgres
--

ALTER TABLE ONLY public.dictionary_items
    ADD CONSTRAINT dictionary_items_dict_type_id_08d3c96f_fk_dictionary_types_id FOREIGN KEY (dict_type_id) REFERENCES public.dictionary_types(id) DEFERRABLE INITIALLY DEFERRED;


--
-- Name: django_admin_log django_admin_log_content_type_id_c4bce8eb_fk_django_co; Type: FK CONSTRAINT; Schema: public; Owner: postgres
--

ALTER TABLE ONLY public.django_admin_log
    ADD CONSTRAINT django_admin_log_content_type_id_c4bce8eb_fk_django_co FOREIGN KEY (content_type_id) REFERENCES public.django_content_type(id) DEFERRABLE INITIALLY DEFERRED;


--
-- Name: django_admin_log django_admin_log_user_id_c564eba6_fk_users_id; Type: FK CONSTRAINT; Schema: public; Owner: postgres
--

ALTER TABLE ONLY public.django_admin_log
    ADD CONSTRAINT django_admin_log_user_id_c564eba6_fk_users_id FOREIGN KEY (user_id) REFERENCES public.users(id) DEFERRABLE INITIALLY DEFERRED;


--
-- Name: login_logs login_logs_user_id_d31d00a1_fk_users_id; Type: FK CONSTRAINT; Schema: public; Owner: postgres
--

ALTER TABLE ONLY public.login_logs
    ADD CONSTRAINT login_logs_user_id_d31d00a1_fk_users_id FOREIGN KEY (user_id) REFERENCES public.users(id) DEFERRABLE INITIALLY DEFERRED;


--
-- Name: notifications notifications_recipient_id_e1133bac_fk_users_id; Type: FK CONSTRAINT; Schema: public; Owner: postgres
--

ALTER TABLE ONLY public.notifications
    ADD CONSTRAINT notifications_recipient_id_e1133bac_fk_users_id FOREIGN KEY (recipient_id) REFERENCES public.users(id) DEFERRABLE INITIALLY DEFERRED;


--
-- Name: notifications notifications_related_project_id_937ebb75_fk_projects_id; Type: FK CONSTRAINT; Schema: public; Owner: postgres
--

ALTER TABLE ONLY public.notifications
    ADD CONSTRAINT notifications_related_project_id_937ebb75_fk_projects_id FOREIGN KEY (related_project_id) REFERENCES public.projects(id) DEFERRABLE INITIALLY DEFERRED;


--
-- Name: project_achievements project_achievements_achievement_type_id_1d76d968_fk_dictionar; Type: FK CONSTRAINT; Schema: public; Owner: postgres
--

ALTER TABLE ONLY public.project_achievements
    ADD CONSTRAINT project_achievements_achievement_type_id_1d76d968_fk_dictionar FOREIGN KEY (achievement_type_id) REFERENCES public.dictionary_items(id) DEFERRABLE INITIALLY DEFERRED;


--
-- Name: project_achievements project_achievements_project_id_99c3182e_fk_projects_id; Type: FK CONSTRAINT; Schema: public; Owner: postgres
--

ALTER TABLE ONLY public.project_achievements
    ADD CONSTRAINT project_achievements_project_id_99c3182e_fk_projects_id FOREIGN KEY (project_id) REFERENCES public.projects(id) DEFERRABLE INITIALLY DEFERRED;


--
-- Name: project_advisors project_advisors_project_id_d2ef5924_fk_projects_id; Type: FK CONSTRAINT; Schema: public; Owner: postgres
--

ALTER TABLE ONLY public.project_advisors
    ADD CONSTRAINT project_advisors_project_id_d2ef5924_fk_projects_id FOREIGN KEY (project_id) REFERENCES public.projects(id) DEFERRABLE INITIALLY DEFERRED;


--
-- Name: project_advisors project_advisors_user_id_e397bc74_fk_users_id; Type: FK CONSTRAINT; Schema: public; Owner: postgres
--

ALTER TABLE ONLY public.project_advisors
    ADD CONSTRAINT project_advisors_user_id_e397bc74_fk_users_id FOREIGN KEY (user_id) REFERENCES public.users(id) DEFERRABLE INITIALLY DEFERRED;


--
-- Name: project_members project_members_project_id_bf2e42ec_fk_projects_id; Type: FK CONSTRAINT; Schema: public; Owner: postgres
--

ALTER TABLE ONLY public.project_members
    ADD CONSTRAINT project_members_project_id_bf2e42ec_fk_projects_id FOREIGN KEY (project_id) REFERENCES public.projects(id) DEFERRABLE INITIALLY DEFERRED;


--
-- Name: project_members project_members_user_id_2e9d44b1_fk_users_id; Type: FK CONSTRAINT; Schema: public; Owner: postgres
--

ALTER TABLE ONLY public.project_members
    ADD CONSTRAINT project_members_user_id_2e9d44b1_fk_users_id FOREIGN KEY (user_id) REFERENCES public.users(id) DEFERRABLE INITIALLY DEFERRED;


--
-- Name: project_progress project_progress_created_by_id_bfa96ce7_fk_users_id; Type: FK CONSTRAINT; Schema: public; Owner: postgres
--

ALTER TABLE ONLY public.project_progress
    ADD CONSTRAINT project_progress_created_by_id_bfa96ce7_fk_users_id FOREIGN KEY (created_by_id) REFERENCES public.users(id) DEFERRABLE INITIALLY DEFERRED;


--
-- Name: project_progress project_progress_project_id_c9b0d403_fk_projects_id; Type: FK CONSTRAINT; Schema: public; Owner: postgres
--

ALTER TABLE ONLY public.project_progress
    ADD CONSTRAINT project_progress_project_id_c9b0d403_fk_projects_id FOREIGN KEY (project_id) REFERENCES public.projects(id) DEFERRABLE INITIALLY DEFERRED;


--
-- Name: projects projects_category_id_2110ba9e_fk_dictionary_items_id; Type: FK CONSTRAINT; Schema: public; Owner: postgres
--

ALTER TABLE ONLY public.projects
    ADD CONSTRAINT projects_category_id_2110ba9e_fk_dictionary_items_id FOREIGN KEY (category_id) REFERENCES public.dictionary_items(id) DEFERRABLE INITIALLY DEFERRED;


--
-- Name: projects projects_leader_id_aabb0912_fk_users_id; Type: FK CONSTRAINT; Schema: public; Owner: postgres
--

ALTER TABLE ONLY public.projects
    ADD CONSTRAINT projects_leader_id_aabb0912_fk_users_id FOREIGN KEY (leader_id) REFERENCES public.users(id) DEFERRABLE INITIALLY DEFERRED;


--
-- Name: projects projects_level_id_8a6f1c0b_fk_dictionary_items_id; Type: FK CONSTRAINT; Schema: public; Owner: postgres
--

ALTER TABLE ONLY public.projects
    ADD CONSTRAINT projects_level_id_8a6f1c0b_fk_dictionary_items_id FOREIGN KEY (level_id) REFERENCES public.dictionary_items(id) DEFERRABLE INITIALLY DEFERRED;


--
-- Name: projects projects_source_id_4682911e_fk_dictionary_items_id; Type: FK CONSTRAINT; Schema: public; Owner: postgres
--

ALTER TABLE ONLY public.projects
    ADD CONSTRAINT projects_source_id_4682911e_fk_dictionary_items_id FOREIGN KEY (source_id) REFERENCES public.dictionary_items(id) DEFERRABLE INITIALLY DEFERRED;


--
-- Name: reviews reviews_project_id_1ffdb6d1_fk_projects_id; Type: FK CONSTRAINT; Schema: public; Owner: postgres
--

ALTER TABLE ONLY public.reviews
    ADD CONSTRAINT reviews_project_id_1ffdb6d1_fk_projects_id FOREIGN KEY (project_id) REFERENCES public.projects(id) DEFERRABLE INITIALLY DEFERRED;


--
-- Name: reviews reviews_reviewer_id_dbb954a8_fk_users_id; Type: FK CONSTRAINT; Schema: public; Owner: postgres
--

ALTER TABLE ONLY public.reviews
    ADD CONSTRAINT reviews_reviewer_id_dbb954a8_fk_users_id FOREIGN KEY (reviewer_id) REFERENCES public.users(id) DEFERRABLE INITIALLY DEFERRED;


--
-- Name: users_groups users_groups_group_id_2f3517aa_fk_auth_group_id; Type: FK CONSTRAINT; Schema: public; Owner: postgres
--

ALTER TABLE ONLY public.users_groups
    ADD CONSTRAINT users_groups_group_id_2f3517aa_fk_auth_group_id FOREIGN KEY (group_id) REFERENCES public.auth_group(id) DEFERRABLE INITIALLY DEFERRED;


--
-- Name: users_groups users_groups_user_id_f500bee5_fk_users_id; Type: FK CONSTRAINT; Schema: public; Owner: postgres
--

ALTER TABLE ONLY public.users_groups
    ADD CONSTRAINT users_groups_user_id_f500bee5_fk_users_id FOREIGN KEY (user_id) REFERENCES public.users(id) DEFERRABLE INITIALLY DEFERRED;


--
-- Name: users_user_permissions users_user_permissio_permission_id_6d08dcd2_fk_auth_perm; Type: FK CONSTRAINT; Schema: public; Owner: postgres
--

ALTER TABLE ONLY public.users_user_permissions
    ADD CONSTRAINT users_user_permissio_permission_id_6d08dcd2_fk_auth_perm FOREIGN KEY (permission_id) REFERENCES public.auth_permission(id) DEFERRABLE INITIALLY DEFERRED;


--
-- Name: users_user_permissions users_user_permissions_user_id_92473840_fk_users_id; Type: FK CONSTRAINT; Schema: public; Owner: postgres
--

ALTER TABLE ONLY public.users_user_permissions
    ADD CONSTRAINT users_user_permissions_user_id_92473840_fk_users_id FOREIGN KEY (user_id) REFERENCES public.users(id) DEFERRABLE INITIALLY DEFERRED;


--
-- PostgreSQL database dump complete
--

\unrestrict Din7xlwo6XVUxVrqI1Oxz40o54E6PDczJW1zWpGh6T4oWEPMvhUQPc6JVlhalEY

